package	version	license	integrity	installed_bytes
stylus	0.64.0	MIT	file:stylus-0.64.0.tgz	365323
available-typed-arrays	1.0.7	MIT	sha512-wvUjBtSGN7+7SjNpq/9M2Tg350UZD3q62IFZLbRAR1bSMlCo1ZaeW+BJ+D090e4hIIZLBcTDWe4Mh4jvUDajzQ==	20380
browserify	17.0.1	MIT	sha512-pxhT00W3ylMhCHwG5yfqtZjNnFuX5h2IJdaBfSo4ChaaBsIp9VLrEMQ1bHV+Xr1uLPXuNDDM1GlJkjli0qkRsw==	362504
call-bind	1.0.9	MIT	sha512-a/hy+pNsFUTR+Iz8TCJvXudKVLAnz/DyeSUo10I5yvFDQJBFU2s9uqQpoSrJlroHUKoKqzg+epxyP9lqFdzfBQ==	24089
call-bind-apply-helpers	1.0.2	MIT	sha512-Sp1ablJ0ivDkSzjcaJdxEunN5/XvksFJ2sMBFfq6x0ryhQV/2b/KwFe21cMpmHtPOSij8K99/wSfoEuTObmuMQ==	15952
call-bound	1.0.4	MIT	sha512-+ys997U96po4Kx/ABpBCqhA9EuxJaQWDQg7295H4hBphv3IZg0boBKuwYpt4YXp6MZ5AmZQnU/tyMTlRpaSejg==	17106
define-data-property	1.1.4	MIT	sha512-rBMvIzlpA8v6E+SJZoo++HAYqsLrkg7MSfIinMPFhmkorw7X+dOXVJQs+QT69zGkzMyfDnIMN2Wid1+NbL3T+A==	30851
dunder-proto	1.0.1	MIT	sha512-KIN/nDJBQRcXw0MLVhZE9iQHmG68qAVIBg9CqmUYjmQIhgij9U5MFvrqkUL5FbtyyzZuOeOt0zdeRe4UY7ct+A==	13003
es-define-property	1.0.1	MIT	sha512-e3nRfgfUZ4rNGL232gUgX06QNyyez04KdjFrF+LTRoOXmrOgFKDg4BCdsjW8EnT69eqdYGmRpJwiPVYNrCaW3g==	10217
es-errors	1.3.0	MIT	sha512-Zf5H2Kxt2xjTvbJvP2ZWLEICxA6j+hAmMzIlypy4xcBg1vKVnx89Wy0GbS+kf5cwCVFFzdCFh2XSCFNULS6csw==	12324
es-object-atoms	1.1.2	MIT	sha512-HWcBoN6NileqtSydK2FqHbS/LoDd2pqrnQHLyJzBj4kOp/ky2MWMN694xOfkK8/SnUsW2DH7EfyVlydKCsm1Zw==	11967
events	3.3.0	MIT	sha512-mQw+2fkQbALzQ7V0MY0IqdnXNOeTtP4r0lN9z7AAawCXgqea7bDii20AYrIBrFd/Hx0M2Ocz6S111CaFkUcb0Q==	82778
for-each	0.3.5	MIT	sha512-dKx12eRCVIzqCxFGplyFKJMPvLEWgmNtUrpTiJIR5u97zEhRG8ySrtboPHZXx7daLxQVrl643cTzbab2tkQjxg==	23915
function-bind	1.1.2	MIT	sha512-7XHNxH7qX9xG5mIwxkhumTox/MIRNcOgDrxWsMt2pAr23WHp6MrRlN7FBSFpCpr+oVO0F744iUgR82nJMfG2SA==	31427
generator-function	2.0.1	MIT	sha512-SFdFmIJi+ybC0vjlHN0ZGVGHc3lgE0DxPAT0djjVg+kjOnSqclqmj0KQ7ykTOLP6YxoqOvuAODGdcHJn+43q3g==	10078
get-intrinsic	1.3.0	MIT	sha512-9fSjSaos/fRIVIp+xSJlE6lfwhES7LNtKaCBIamHsjr2na1BiABJPo0mOjjz8GJDURarmCPGqaiVg5mfjb98CQ==	46542
get-proto	1.0.1	MIT	sha512-sTSfBjoXBp89JvIKIefqw7U2CCebsc74kiY6awiGogKtoSGbgjYE/G/+l9sF3MWFPNc9IcoOC4ODfKHfxFmp0g==	10840
gopd	1.2.0	MIT	sha512-ZUKRh6/kUFoAiTAtTYPZJ3hw9wNxx+BIBOijnlG9PnrJsCcSjs1wyyD6vJpaYtgnzDrKYRSqf3OO6Rfa93xsRg==	9869
has-property-descriptors	1.0.2	MIT	sha512-55JNKuIW+vq4Ke1BjOTjM2YctQIvCT7GFzHwmfZPGo5wnrgkid0YQtnAleFSqumZm4az3n2BS+erby5ipJdgrg==	10911
has-symbols	1.1.0	MIT	sha512-1cDNdwJ2Jaohmb3sg4OmKaMBwuC48sYni5HUw2DvsC8LjGTLK9h+eb1X6RyuOHe4hT0ULCW68iomhjUoKUqlPQ==	23409
has-tostringtag	1.0.2	MIT	sha512-NqADB8VjPFLM2V0VvHUewwwsw0ZWBaIdgo+ieHtK3hasLz4qeCRjYcqfB6AQrBggRKppKF8L52/VqdVsO47Dlw==	17603
hasown	2.0.4	MIT	sha512-T2UbfbBEF32wiepXIsMlTW9+dDYC6wMh/t/vYA4tuOMKqWz/n3vr1NFSxQiyP+zk2mXsoMA/i/7qV6LKut1t1A==	10332
inherits	2.0.4	ISC	sha512-k/vGaX4/Yla3WzyMCvTQOXYeIHvqOKtnqBduzTHpzpQZzAskKMhZ2K+EnBiSM9zGSoIFeMpXKxa4dYeZIQqewQ==	3958
is-arguments	1.2.0	MIT	sha512-7bVbi0huj/wrIAOzb8U1aszg9kdi3KN/CyU19CTI7tAoZYEZoL9yCDXpbXN+uPsuWnP02cyug1gleqq+TU+YCA==	32731
is-callable	1.2.7	MIT	sha512-1BC0BVFhS/p0qtw6enp8e+8OD0UrK0oFLztSjNzhcKA3WDuJxxAPXzPuPtKkjEY9UUoEWlX/8fgKeu2S8i9JTA==	28950
is-generator-function	1.1.2	MIT	sha512-upqt1SkGkODW9tsGNG5mtXTXtECizwtS2kA161M+gJPc1xdb/Ax629af6YrTwcOeQHbewrPNlE5Dx7kzvXTizA==	36191
is-regex	1.2.1	MIT	sha512-MjYsKHO5O7mCsmRGxWcLWheFqN9DJ/2TmngvjKXihe6efViPqc274+Fx/4fYj/r03+ESvBdTXK0V6tA3rgez1g==	35732
is-typed-array	1.1.15	MIT	sha512-p3EcsicXjit7SaskXHs1hA91QxgTw46Fv6EFKKGS5DRFLD8yKnohjF3hxoju94b/OcMZoQukzpPpBE9uLVKzgQ==	21922
math-intrinsics	1.1.0	MIT	sha512-/IXtbwEk5HTPyEwyKX6hGkYXxM9nbj64B+ilVJnC/R6B0pH5G4V3b0pVbL7DBj4tkhBAppbQUlf6F6Xl9LHu1g==	17323
path-browserify	1.0.1	MIT	sha512-b7uo2UCUOYZcnF/3ID0lulOJi/bafxa1xPe7ZPsammBSpjSWQkjNxlt635YGS2MiR9GjvuXCtz2emr3jbsz98g==	54293
possible-typed-array-names	1.1.0	MIT	sha512-/+5VFTchJDoVj3bhoqi6UeymcD00DAwb1nJwamzPvHEszJ4FpF6SNNbUbOS8yI56qHzdV8eK0qEfOSiodkTdxg==	9698
safe-regex-test	1.1.0	MIT	sha512-x/+Cz4YrimQxQccJf5mKEbIa1NzeCRNI5Ecl/ekmlYaampdNLPalVyIcCZNNH3MvmqBugV5TMYZXv0ljslUlaw==	11917
set-function-length	1.2.2	MIT	sha512-pgRc4hJ4/sNjWCSS9AmnS40x3bNMDTknHgL5UaMBTMyJnU90EgWh1Rz+MC9eFu4BuN/UwZjKQuY/1v3rM7HMfg==	14747
util	0.12.5	MIT	sha512-kZf/K6hEIrWHI6XqOFUiiMa+79wE/D8Q+NCNAWclkyg3b4d2k7s0QGepNjiABc+aR3N1PAyHL7p6UcLY6LmrnA==	33788
which-typed-array	1.1.22	MIT	sha512-fvO4ExWMFsqyhG3AiPAObMuY1lxaqgYcxbc49CNdWDDECOJNgQyvsOWVwbZc+qf3rzRtxojBK+CMEv0Ld5CYpw==	45449
